{
	"info": {
		"_postman_id": "423c96d8-a7f9-4d80-b90b-e2d8e07f42bf",
		"name": "AirInterfaceValidator",
		"schema": "https://schema.getpostman.com/json/collection/v2.1.0/collection.json"
	},
	"item": [
		{
			"name": "EnvironmentSetUp",
			"item": [
				{
					"name": "Setting Up Environment",
					"event": [
						{
							"listen": "prerequest",
							"script": {
								"id": "6a1e746e-a742-4b4d-ba2f-962986fd39c4",
								"exec": [
									"console.log(\"==========================================================================================\");",
									"console.log(\"==================== AirInterface_2.0.0-tsp.191122.1800+validator.1 ======================\");",
									"console.log(\"==========================================================================================\");",
									"/*********************************************************************************************************",
									"* ",
									"* RequestCollection for validating AirInterface Objects against definition ",
									"* ",
									"*                   AirInterface_2.0.0-tsp.191122.1800",
									"* ",
									"* as it can be found on https://github.com/openBackhaul/airInterface/tree/tsp",
									"*",
									"*  ",
									"* This RequestCollection is for perpetual complementation.",
									"* ",
									"* Content of version 1 (05.01.2020):",
									"*  - Check for Completeness",
									"* ",
									"* ",
									"* The \"Setting Up Environment\" Request provides the following environmental variables",
									"* - controller",
									"* - controllerAddress",
									"* - pathToDbAndMountPoint",
									"* - username",
									"* - password",
									"* ",
									"* It also provides the following collection variables",
									"* - noOfDeviceUnderTest",
									"* - noOfLtpUnderTest",
									"* - pacUnderTest",
									"* - moduleUnderTest",
									"* - technologyUnderTest ",
									"* ",
									"*********************************************************************************************************/",
									"",
									"/********************************************",
									"* User Input",
									"********************************************/",
									"const IP_ADDRESS_OF_THE_CONTROLLER = \"172.29.145.220\";",
									"",
									"const RESTCONF_PORT_AT_THE_CONTROLLER = \"8181\";",
									"",
									"const USER_NAME_AT_THE_CONTROLLER = \"admin\";",
									"",
									"const PASSWORD_AT_THE_CONTROLLER = \"admin\";",
									"",
									"const PATH_TO_DB_AND_MOUNT_POINT = \"restconf/operational/network-topology:network-topology/topology/topology-netconf\";",
									"",
									"const NAME_OF_DEVICE_UNDER_TEST = \"NTS-Thorsten\";",
									"",
									"const UUID_OF_LTP_UNDER_TEST = \"ab14471e-ac5a-40d9-b250-74eecb9e8ad2\";",
									"",
									"const LID_OF_LP_UNDER_TEST = \"ReeRke\";",
									"",
									"",
									"/********************************************",
									"* Setting up Collection Variables",
									"********************************************/",
									"// Setting collection variables for identifying the Interface under Test",
									"const NO_OF_DEVICE_UNDER_TEST = 0;",
									"const NO_OF_LTP_UNDER_TEST = 0;",
									"const PAC_UNDER_TEST = \"air-interface-2-0:air-interface-pac\";",
									"const MODULE_UNDER_TEST = \"air-interface-2-0\";",
									"const TECHNOLOGY_UNDER_TEST = \"air-interface\";",
									"",
									"pm.collectionVariables.set(\"noOfDeviceUnderTest\", NO_OF_DEVICE_UNDER_TEST);",
									"pm.collectionVariables.set(\"noOfLtpUnderTest\", NO_OF_LTP_UNDER_TEST);",
									"pm.collectionVariables.set(\"pacUnderTest\", PAC_UNDER_TEST);",
									"pm.collectionVariables.set(\"moduleUnderTest\", MODULE_UNDER_TEST);",
									"pm.collectionVariables.set(\"technologyUnderTest\", TECHNOLOGY_UNDER_TEST);",
									"",
									"",
									"/********************************************",
									"* Setting up Environmental Variables ",
									"********************************************/",
									"pm.environment.clear();",
									"",
									"controllerAddress = IP_ADDRESS_OF_THE_CONTROLLER + \":\" + RESTCONF_PORT_AT_THE_CONTROLLER + \"/\";",
									"pm.environment.set(\"controllerAddress\", controllerAddress);",
									"pm.environment.set(\"username\", USER_NAME_AT_THE_CONTROLLER);",
									"pm.environment.set(\"password\", PASSWORD_AT_THE_CONTROLLER);",
									"pm.environment.set(\"pathToDbAndMountPoint\", PATH_TO_DB_AND_MOUNT_POINT);",
									"",
									"class Interface {",
									"    constructor(newLtpUuid, newlpLid) {",
									"        this.ltpUuid = newLtpUuid;",
									"        this.lpLid = newlpLid;",
									"    }",
									"}",
									"let interfaceUnderTest = new Interface(UUID_OF_LTP_UNDER_TEST, LID_OF_LP_UNDER_TEST);",
									"",
									"class Node {",
									"    constructor(newNodeId) {",
									"        this.nodeId = newNodeId;",
									"        this.airInterfaceList = [];",
									"        this.ethernetContainerList = [];",
									"        this.hybridMwStructureList = [];",
									"        this.ipInterfaceList = [];",
									"        this.macInterfaceList = [];",
									"        this.pureEthernetStructureList = [];",
									"        this.tdmContainerList = [];",
									"        this.vlanInterfaceList = [];",
									"        this.wireInterfaceList = [];",
									"    }",
									"}",
									"let nodeUnderTest = new Node(NAME_OF_DEVICE_UNDER_TEST);",
									"switch (TECHNOLOGY_UNDER_TEST) {",
									"    case \"air-interface\":",
									"        nodeUnderTest.airInterfaceList.push(interfaceUnderTest);",
									"        break;",
									"    case \"ethernet-container\":",
									"        nodeUnderTest.ethernetContainerList.push(interfaceUnderTest);",
									"        break;",
									"    case \"hybrid-mw-structure\":",
									"        nodeUnderTest.hybridMwStructureList.push(interfaceUnderTest);",
									"        break;",
									"    case \"ip-interface\":",
									"        nodeUnderTest.ipInterfaceList.push(interfaceUnderTest);",
									"        break;",
									"    case \"mac-interface\":",
									"        nodeUnderTest.macInterfaceList.push(interfaceUnderTest);",
									"        break;",
									"    case \"pure-ethernet-structure\":",
									"        nodeUnderTest.pureEthernetStructureList.push(interfaceUnderTest);",
									"        break;",
									"    case \"tdm-container\":",
									"        nodeUnderTest.tdmContainerList.push(interfaceUnderTest);",
									"        break;",
									"    case \"vlan-interface\":",
									"        nodeUnderTest.vlanInterfaceList.push(interfaceUnderTest);",
									"        break;",
									"    case \"wire-interface\":",
									"        nodeUnderTest.wireInterfaceList.push(interfaceUnderTest);",
									"        break;",
									"}",
									"",
									"class Controller {",
									"    constructor () {",
									"        this.nodeList = [];",
									"    }",
									"}",
									"let controller = new Controller();",
									"controller.nodeList.push(nodeUnderTest);",
									"",
									"pm.environment.set(\"controller\", controller);",
									"",
									"",
									"/********************************************",
									"* Setting up Local Variables",
									"********************************************/",
									"pm.variables.set(\"classUnderTest\", \"pac\");",
									"",
									"",
									"/********************************************",
									"* Setting up Request Variables",
									"********************************************/",
									"// Preparing the Request",
									"let noOfDeviceUnderTest = pm.collectionVariables.get(\"noOfDeviceUnderTest\");",
									"let controllerUnderTest = pm.environment.get(\"controllerAddress\");",
									"let dbAndMountPointUnderTest = pm.environment.get(\"pathToDbAndMountPoint\");",
									"let idOfDeviceUnderTest = pm.environment.get(\"controller\").nodeList[noOfDeviceUnderTest].nodeId;",
									"let networkElementUnderTest = \"/node/\" + idOfDeviceUnderTest + \"/yang-ext:mount\";",
									"let technologyUnderTest = pm.collectionVariables.get(\"technologyUnderTest\");",
									"let noOfLtpUnderTest = pm.collectionVariables.get(\"noOfLtpUnderTest\");",
									"let nodeIds = pm.environment.get(\"controller\").nodeList[noOfDeviceUnderTest];",
									"let idPair;",
									"switch (technologyUnderTest) {",
									"    case \"air-interface\":",
									"        idPair = nodeIds.airInterfaceList[noOfLtpUnderTest];",
									"        break;",
									"    case \"ethernet-container\":",
									"        idPair = nodeIds.ethernetContainerList[noOfLtpUnderTest];",
									"        break;",
									"    case \"hybrid-mw-structure\":",
									"        idPair = nodeIds.hybridMwStructureList[noOfLtpUnderTest];",
									"        break;",
									"    case \"ip-interface\":",
									"        idPair = nodeIds.ipInterfaceList[noOfLtpUnderTest];",
									"        break;",
									"    case \"mac-interface\":",
									"        idPair = nodeIds.macInterfaceList[noOfLtpUnderTest];",
									"        break;",
									"    case \"pure-ethernet-structure\":",
									"        idPair = nodeIds.pureEthernetStructureList[noOfLtpUnderTest];",
									"        break;",
									"    case \"tdm-container\":",
									"        idPair = nodeIds.tdmContainerList[noOfLtpUnderTest];",
									"        break;",
									"    case \"vlan-interface\":",
									"        idPair = nodeIds.vlanInterfaceList[noOfLtpUnderTest];",
									"        break;",
									"    case \"wire-interface\":",
									"        idPair = nodeIds.wireInterfaceList[noOfLtpUnderTest];",
									"        break;",
									"}",
									"let ltpUuidOfObjectUnderTest = idPair.ltpUuid;",
									"let lpLidOfObjectUnderTest = idPair.lpLid;",
									"let pacUnderTest = pm.collectionVariables.get(\"pacUnderTest\");",
									"let objectUnderTest = \"/core-model-1-4:control-construct/logical-termination-point/\" ",
									"                            + ltpUuidOfObjectUnderTest",
									"                            + \"/layer-protocol/\" ",
									"                            + lpLidOfObjectUnderTest",
									"                            + \"/\"",
									"                            + pacUnderTest;",
									"",
									"// Formulating the Request",
									"pm.variables.set(\"controllerUnderTest\", controllerUnderTest);",
									"pm.variables.set(\"dB\", dbAndMountPointUnderTest);",
									"pm.variables.set(\"networkElement\", networkElementUnderTest);",
									"pm.variables.set(\"object\", objectUnderTest);",
									"",
									"pm.variables.set(\"username\", pm.environment.get(\"username\"));",
									"pm.variables.set(\"password\", pm.environment.get(\"password\"));",
									"",
									"pm.request.headers.upsert({key:\"Accept\", value:\"application/json\"});",
									"pm.request.headers.upsert({key:\"Content-Type\", value:\"application/json\"});",
									""
								],
								"type": "text/javascript"
							}
						},
						{
							"listen": "test",
							"script": {
								"id": "ec562c48-5724-43dd-9827-6b93725cf290",
								"exec": [
									"/*********************",
									" * Indicating Results *",
									" *********************/",
									"let controller = pm.environment.get(\"controller\");",
									"let nameOfTheDeviceUnderTest = controller.nodeList[0].nodeId;",
									"let moduleUnderTest = pm.collectionVariables.get(\"moduleUnderTest\");",
									"let technologyUnderTest = pm.collectionVariables.get(\"technologyUnderTest\");",
									"let classUnderTest = pm.variables.get(\"classUnderTest\");",
									"let objectUnderTest = technologyUnderTest + \"-\" + classUnderTest;",
									"",
									"if (pm.response.code == 200) {",
									"    var objectInclHeadline = pm.response.json();",
									"    var object = objectInclHeadline[moduleUnderTest + \":\" + technologyUnderTest + \"-\" + classUnderTest];",
									"    console.log(objectUnderTest + \" at \" + nameOfTheDeviceUnderTest + \" could be retrieved:\");",
									"    console.log(object);",
									"",
									"} else {",
									"    console.log(\" ERROR: \" + objectUnderTest + \" at \" + nameOfTheDeviceUnderTest ",
									"                    + \" could not be retrieved. Response Code: \" + pm.response.code);",
									"}",
									"",
									"pm.test(objectUnderTest + \" at \" + nameOfTheDeviceUnderTest + \" could be retrieved\", function() {",
									"    pm.response.to.have.status(200);",
									"});",
									"",
									"",
									"/******************************",
									" * Cleaning Up and Terminating *",
									" ******************************/",
									"pm.variables.clear();"
								],
								"type": "text/javascript"
							}
						}
					],
					"request": {
						"auth": {
							"type": "basic",
							"basic": [
								{
									"key": "password",
									"value": "{{password}}",
									"type": "string"
								},
								{
									"key": "username",
									"value": "{{username}}",
									"type": "string"
								}
							]
						},
						"method": "GET",
						"header": [],
						"url": {
							"raw": "http://{{controllerAddress}}{{dB}}{{networkElement}}{{object}}",
							"protocol": "http",
							"host": [
								"{{controllerAddress}}{{dB}}{{networkElement}}{{object}}"
							]
						}
					},
					"response": []
				}
			],
			"protocolProfileBehavior": {}
		},
		{
			"name": "Completeness",
			"item": [
				{
					"name": "CapabilityCompleteness",
					"event": [
						{
							"listen": "prerequest",
							"script": {
								"id": "6a1e746e-a742-4b4d-ba2f-962986fd39c4",
								"exec": [
									" /*******************************************************************************",
									"* ",
									"* Request for validating AirInterface Capability Objects against definition ",
									"* ",
									"*                   AirInterface_2.0.0-tsp.191122.1800",
									"* ",
									"* as it can be found on https://github.com/openBackhaul/airInterface/tree/tsp",
									"* ",
									"* It checks for ",
									"*  - reachability of *_Pac class and Capability class",
									"*  - availability of all attributes",
									"*  - correct datatypes",
									"*  - correct enumeration values",
									"*  - no additional, vendor specific amendments",
									"* ",
									"* It requires the following environmental variables",
									"*  - controller",
									"*  - controllerAddress",
									"*  - pathToDbAndMountPoint",
									"*  - username",
									"*  - password",
									"* ",
									"* It requires the following collection variables",
									"*  - pacUnderTest",
									"*  - moduleUnderTest",
									"*  - technologyUnderTest",
									"* ",
									"*******************************************************************************/",
									"",
									"console.log(\"--------------------Checking AirInterfaceCapability for Completeness----------------------\");",
									"",
									"/********************************************",
									"* Setting up Local Variables",
									"********************************************/",
									"// Defining the Class Under Test",
									"const CLASS_UNDER_TEST = \"capability\";",
									"pm.variables.set(\"classUnderTest\", CLASS_UNDER_TEST);",
									"",
									"// module of NetworkValidator --->",
									"",
									"// AirInterfaceCapability Reference Schema",
									"let AIR_INTERFACE_CAPABILITY_SCHEMA = {\t",
									"\t\"type\": \"object\", ",
									"\t\"properties\": {",
									"\t\t\"type-of-equipment\": \t\t\t\t\t\t\t{ \"type\": \"string\" }, ",
									"\t\t\"tx-frequency-min\": \t\t\t\t\t\t\t{ \"type\": \"number\" }, ",
									"\t\t\"tx-frequency-max\": \t\t\t\t\t\t\t{ \"type\": \"number\" }, ",
									"\t\t\"rx-frequency-min\": \t\t\t\t\t\t\t{ \"type\": \"number\" }, ",
									"\t\t\"rx-frequency-max\": \t\t\t\t\t\t\t{ \"type\": \"number\" },",
									"\t\t\"transmission-mode-list\": {",
									"    \t\t\"type\": \"array\",",
									"    \t\t\"items\": { ",
									"        \t\t\"type\": \"object\",",
									"        \t\t\"properties\": {",
									"                    \"transmission-mode-name\":     \t\t\t\t{ \"type\": \"string\" },",
									"                    \"transmission-mode-rank\":     \t\t\t\t{ \"type\": \"number\" },",
									"                    \"channel-bandwidth\":      \t\t\t\t\t{ \"type\": \"number\" },",
									"                    \"modulation-scheme\":     \t\t\t\t    { \"type\": \"number\" },",
									"                    \"code-rate\":        \t\t\t\t\t\t{ \"type\": \"number\" },",
									"                    \"symbol-rate-reduction-factor\":   \t\t\t{ \"type\": \"number\" },",
									"                    \"tx-power-min\":      \t\t\t\t\t\t{ \"type\": \"number\" },",
									"                    \"tx-power-max\":       \t\t\t\t\t\t{ \"type\": \"number\" },",
									"                    \"rx-threshold\":       \t\t\t\t\t\t{ \"type\": \"number\" },",
									"                    \"am-upshift-level\":      \t\t\t\t\t{ \"type\": \"number\" },",
									"                    \"am-downshift-level\":      \t\t\t\t\t{ \"type\": \"number\" },",
									"                    \"xpic-is-avail\":       \t\t\t\t\t\t{ \"type\": \"boolean\" },",
									"                    \"supported-as-fixed-configuration\":  \t\t{ \"type\": \"boolean\" }",
									"        \t\t},",
									"                \"required\": [\"transmission-mode-name\", ",
									"                                \"transmission-mode-rank\",",
									"\t\t\t\t\t\t\t\t\"channel-bandwidth\",",
									"\t\t\t\t\t\t\t\t\"modulation-scheme\",",
									"\t\t\t\t\t\t\t\t\"code-rate\",",
									"\t\t\t\t\t\t\t\t\"symbol-rate-reduction-factor\",",
									"\t\t\t\t\t\t\t\t\"tx-power-min\",",
									"\t\t\t\t\t\t\t\t\"tx-power-max\",",
									"\t\t\t\t\t\t\t\t\"rx-threshold\",",
									"\t\t\t\t\t\t\t\t\"am-upshift-level\",",
									"\t\t\t\t\t\t\t\t\"am-downshift-level\",",
									"\t\t\t\t\t\t\t\t\"xpic-is-avail\",",
									"\t\t\t\t\t\t\t\t\"supported-as-fixed-configuration\"",
									"                ]",
									"    \t\t}",
									"\t\t},",
									"\t\t\"duplex-distance-is-freely-configurable\": \t\t{ \"type\": \"boolean\" }, ",
									"\t\t\"duplex-distance-list\": {",
									"\t\t\t\"type\": \"array\",",
									"\t\t\t\"items\":                                    { \"type\": \"number\" }",
									"\t\t},",
									"\t\t\"auto-freq-select-is-avail\": \t\t\t\t\t{ \"type\": \"boolean\" }, \t\t",
									"\t\t\"adaptive-modulation-is-avail\": \t\t\t\t{ \"type\": \"boolean\" }, \t\t",
									"\t\t\"atpc-is-avail\": \t\t\t\t\t\t\t\t{ \"type\": \"boolean\" }, ",
									"\t\t\"atpc-range\": \t\t\t\t\t\t\t\t\t{ \"type\": \"number\" }, \t",
									"\t\t\"supported-radio-signal-id-datatype\": { \"enum\": [",
									"\t\t\t\t\t\t\t\t\t\t\t\t\t\"air-interface-2-0:RADIO_SIGNAL_ID_DATATYPE_TYPE_INTEGER\",",
									"\t\t\t\t\t\t\t\t\t\t\t\t\t\"air-interface-2-0:RADIO_SIGNAL_ID_DATATYPE_TYPE_STRING\",",
									"\t\t\t\t\t\t\t\t\t\t\t\t\t\"air-interface-2-0:RADIO_SIGNAL_ID_DATATYPE_TYPE_NOT_YET_DEFINED\"",
									"\t\t\t\t\t\t\t\t\t\t\t\t]",
									"\t\t},",
									"\t\t\"supported-radio-signal-id-length\": \t\t\t{ \"type\": \"number\" }, ",
									"\t\t\"expected-equals-transmitted-radio-signal-id\":\t{ \"type\": \"boolean\" }, ",
									"\t\t\"encryption-is-avail\": \t\t\t\t\t\t\t{ \"type\": \"boolean\" },\t",
									"\t\t\"supported-loop-back-kind-list\": { ",
									"\t\t    \"type\": \"array\",",
									"\t\t\t\"items\": { \"enum\": [",
									"\t\t\t\t\t\t\"air-interface-2-0:LOOP_BACK_TYPE_RF_TO_REMOTE\",",
									"\t\t\t\t\t\t\"air-interface-2-0:LOOP_BACK_TYPE_RF_TO_LOCAL\",",
									"\t\t\t\t\t\t\"air-interface-2-0:LOOP_BACK_TYPE_IF_TO_REMOTE\",",
									"\t\t\t\t\t\t\"air-interface-2-0:LOOP_BACK_TYPE_IF_TO_LOCAL\",",
									"\t\t\t\t\t\t\"air-interface-2-0:LOOP_BACK_TYPE_NONE\"\t\t\t\t\t\t\t\t\t\t\t\t",
									"\t\t\t\t\t   ]",
									"\t\t\t}",
									"\t\t}, \t\t ",
									"\t\t\"maintenance-timer-range\": \t\t\t\t\t\t{ \"type\": \"string\" },",
									"\t\t\"supported-alarm-list\": {",
									"            \"type\": \"array\",",
									"            \"item\":                                     { \"type\": \"string\" }",
									"\t\t},",
									"\t\t\"performance-monitoring-is-avail\": \t\t\t\t{ \"type\": \"boolean\" }",
									"\t},",
									"\t\"required\": [\"type-of-equipment\", ",
									"\t\t\t\t\t\"tx-frequency-min\",",
									"\t\t\t\t\t\"tx-frequency-max\",",
									"\t\t\t\t\t\"rx-frequency-min\",",
									"\t\t\t\t\t\"rx-frequency-max\",",
									"\t\t\t\t\t\"duplex-distance-is-freely-configurable\",",
									"\t\t\t\t\t\"duplex-distance-list\",",
									"\t\t\t\t\t\"auto-freq-select-is-avail\",",
									"\t\t\t\t\t\"adaptive-modulation-is-avail\",",
									"\t\t\t\t\t\"atpc-is-avail\",",
									"\t\t\t\t\t\"atpc-range\",",
									"\t\t\t\t\t\"supported-radio-signal-id-datatype\",",
									"\t\t\t\t\t\"expected-equals-transmitted-radio-signal-id\",",
									"\t\t\t\t\t\"encryption-is-avail\",",
									"\t\t\t\t\t\"supported-loop-back-kind-list\",",
									"\t\t\t\t\t\"maintenance-timer-range\",",
									"\t\t\t\t\t\"supported-alarm-list\",",
									"\t\t\t\t\t\"performance-monitoring-is-avail\"",
									"\t]",
									"};",
									"pm.variables.set(\"schema\", AIR_INTERFACE_CAPABILITY_SCHEMA);",
									"",
									"// generic for all TechnologyValidators ---> ?",
									"// generic for all Classes --->",
									"",
									"// Definition of Setting up the Request Variables as a function",
									"const SETTING_THE_REQUEST_VARIABLES = () => {",
									"    /********************************************",
									"    * Setting the Request Variables",
									"    ********************************************/",
									"    // Preparing the Request",
									"    let noOfDeviceUnderTest = pm.collectionVariables.get(\"noOfDeviceUnderTest\");",
									"    let controllerUnderTest = pm.environment.get(\"controllerAddress\");",
									"    let dbAndMountPointUnderTest = pm.environment.get(\"pathToDbAndMountPoint\");",
									"    let idOfDeviceUnderTest = pm.environment.get(\"controller\").nodeList[noOfDeviceUnderTest].nodeId;",
									"    let networkElementUnderTest = \"/node/\" + idOfDeviceUnderTest + \"/yang-ext:mount\";",
									"    let technologyUnderTest = pm.collectionVariables.get(\"technologyUnderTest\");",
									"    let noOfLtpUnderTest = pm.collectionVariables.get(\"noOfLtpUnderTest\");",
									"    let nodeIds = pm.environment.get(\"controller\").nodeList[noOfDeviceUnderTest];",
									"    let idPair;",
									"    switch (technologyUnderTest) {",
									"        case \"air-interface\":",
									"            idPair = nodeIds.airInterfaceList[noOfLtpUnderTest];",
									"            break;",
									"        case \"ethernet-container\":",
									"            idPair = nodeIds.ethernetContainerList[noOfLtpUnderTest];",
									"            break;",
									"        case \"hybrid-mw-structure\":",
									"            idPair = nodeIds.hybridMwStructureList[noOfLtpUnderTest];",
									"            break;",
									"        case \"ip-interface\":",
									"            idPair = nodeIds.ipInterfaceList[noOfLtpUnderTest];",
									"            break;",
									"        case \"mac-interface\":",
									"            idPair = nodeIds.macInterfaceList[noOfLtpUnderTest];",
									"            break;",
									"        case \"pure-ethernet-structure\":",
									"            idPair = nodeIds.pureEthernetStructureList[noOfLtpUnderTest];",
									"            break;",
									"        case \"tdm-container\":",
									"            idPair = nodeIds.tdmContainerList[noOfLtpUnderTest];",
									"            break;",
									"        case \"vlan-interface\":",
									"            idPair = nodeIds.vlanInterfaceList[noOfLtpUnderTest];",
									"            break;",
									"        case \"wire-interface\":",
									"            idPair = nodeIds.wireInterfaceList[noOfLtpUnderTest];",
									"            break;",
									"    }",
									"    let ltpUuidOfObjectUnderTest = idPair.ltpUuid;",
									"    let lpLidOfObjectUnderTest = idPair.lpLid;let pacUnderTest = pm.collectionVariables.get(\"pacUnderTest\");",
									"    let moduleUnderTest = pm.collectionVariables.get(\"moduleUnderTest\");",
									"    let classUnderTest = pm.variables.get(\"classUnderTest\");",
									"    let objectUnderTest = \"/core-model-1-4:control-construct/logical-termination-point/\" ",
									"                                + ltpUuidOfObjectUnderTest",
									"                                + \"/layer-protocol/\" ",
									"                                + lpLidOfObjectUnderTest",
									"                                + \"/\"",
									"                                + pacUnderTest",
									"                                + \"/\"",
									"                                + technologyUnderTest",
									"                                + \"-\"",
									"                                + classUnderTest;",
									"    ",
									"    ",
									"    // Formulating the Request",
									"    pm.variables.set(\"controllerUnderTest\", controllerUnderTest);",
									"    pm.variables.set(\"dB\", dbAndMountPointUnderTest);",
									"    pm.variables.set(\"networkElement\", networkElementUnderTest);",
									"    pm.variables.set(\"object\", objectUnderTest);",
									"    ",
									"    pm.variables.set(\"username\", pm.environment.get(\"username\"));",
									"    pm.variables.set(\"password\", pm.environment.get(\"password\"));",
									"    ",
									"    pm.request.headers.upsert({key:\"Accept\", value:\"application/json\"});",
									"    pm.request.headers.upsert({key:\"Content-Type\", value:\"application/json\"});",
									"};",
									"",
									"",
									"/********************************************",
									"* Setting up Collection Variables",
									"********************************************/",
									"// Setting the Tests Script as a Collection va",
									"pm.collectionVariables.set( \"settingTheRequestVariables\", SETTING_THE_REQUEST_VARIABLES.toString() );",
									"",
									"",
									"/********************************************",
									"* Formulating the Request",
									"********************************************/",
									"// Execution of the Pre-Request Script defined in CapabilityCompleteness",
									"eval(pm.collectionVariables.get(\"settingTheRequestVariables\"))();"
								],
								"type": "text/javascript"
							}
						},
						{
							"listen": "test",
							"script": {
								"id": "ec562c48-5724-43dd-9827-6b93725cf290",
								"exec": [
									"// generic for all TechnologyValidators ---> ?",
									"// generic for all Classes --->",
									"// module of NetworkValidator --->",
									"",
									"/********************************************",
									"* Setting up Local Variables",
									"********************************************/",
									"// Definition of the Tests Script as a function",
									"const TESTS_SCRIPT_FOR_ALL_CLASSES = () => {",
									"    /*********************",
									"    * Indicating Results *",
									"    *********************/",
									"    let controller = pm.environment.get(\"controller\");",
									"    let noOfDeviceUnderTest = pm.collectionVariables.get(\"noOfDeviceUnderTest\");",
									"    let nameOfTheDeviceUnderTest = controller.nodeList[noOfDeviceUnderTest].nodeId;",
									"    let moduleUnderTest = pm.collectionVariables.get(\"moduleUnderTest\");",
									"    let technologyUnderTest = pm.collectionVariables.get(\"technologyUnderTest\");",
									"    let classUnderTest = pm.variables.get(\"classUnderTest\");",
									"    let objectUnderTest = technologyUnderTest + \"-\" + classUnderTest;",
									"    ",
									"    if (pm.response.code == 200) {",
									"        var objectInclHeadline = pm.response.json();",
									"        var object = objectInclHeadline[moduleUnderTest + \":\" + technologyUnderTest + \"-\" + classUnderTest];",
									"        console.log(objectUnderTest + \" at \" + nameOfTheDeviceUnderTest + \" could be retrieved:\");",
									"        console.log(object);                                        ",
									"    ",
									"        var reference = pm.variables.get(\"schema\");",
									"        console.log(objectUnderTest + \" Reference:\");               ",
									"        console.log(reference);                                     ",
									"        ",
									"        console.log(objectUnderTest + \" at \" + nameOfTheDeviceUnderTest + \" Validation Result: \");",
									"        console.log(tv4.validateMultiple(object, reference, true, true));",
									"    } else {",
									"        console.log(\" ERROR: \" + objectUnderTest + \" at \" + nameOfTheDeviceUnderTest ",
									"                        + \" could not be retrieved. Response Code: \" + pm.response.code);",
									"    }",
									"    ",
									"    pm.test(objectUnderTest + \" at \" + nameOfTheDeviceUnderTest + \" could be retrieved\", function () {",
									"        pm.response.to.have.status(200);",
									"    });",
									"    pm.test(objectUnderTest + \" at \" + nameOfTheDeviceUnderTest + \" is compliant to specification\", function() {",
									"      pm.expect(tv4.validate(object, reference)).to.be.true;",
									"    });",
									"    ",
									"    /******************************",
									"    * Cleaning Up and Terminating *",
									"    ******************************/",
									"    pm.variables.clear();",
									"};",
									"",
									"",
									"/********************************************",
									"* Setting up Collection Variables",
									"********************************************/",
									"// Setting the Tests Script as a Collection va",
									"pm.collectionVariables.set( \"testsScriptForAllClasses\", TESTS_SCRIPT_FOR_ALL_CLASSES.toString() );",
									"",
									"",
									"/********************************************",
									"* Testing",
									"********************************************/",
									"// Execution of the Tests Script defined in CapabilityCompleteness",
									"eval(pm.collectionVariables.get(\"testsScriptForAllClasses\"))();"
								],
								"type": "text/javascript"
							}
						}
					],
					"request": {
						"auth": {
							"type": "basic",
							"basic": [
								{
									"key": "password",
									"value": "{{password}}",
									"type": "string"
								},
								{
									"key": "username",
									"value": "{{username}}",
									"type": "string"
								}
							]
						},
						"method": "GET",
						"header": [],
						"url": {
							"raw": "http://{{controllerAddress}}{{dB}}{{networkElement}}{{object}}",
							"protocol": "http",
							"host": [
								"{{controllerAddress}}{{dB}}{{networkElement}}{{object}}"
							]
						}
					},
					"response": []
				},
				{
					"name": "ConfigurationCompleteness",
					"event": [
						{
							"listen": "prerequest",
							"script": {
								"id": "6a1e746e-a742-4b4d-ba2f-962986fd39c4",
								"exec": [
									"/*******************************************************************************",
									"* ",
									"* Request for validating AirInterface Configuration Objects against definition ",
									"* ",
									"*                   AirInterface_2.0.0-tsp.191122.1800",
									"* ",
									"* as it can be found on https://github.com/openBackhaul/airInterface/tree/tsp",
									"* ",
									"* It checks for ",
									"*  - reachability of *_Pac class and Capability class",
									"*  - availability of all attributes",
									"*  - correct datatypes",
									"*  - correct enumeration values",
									"*  - no additional, vendor specific amendments",
									"* ",
									"* It requires the following environmental variables",
									"*  - controller",
									"*  - controllerAddress",
									"*  - pathToDbAndMountPoint",
									"*  - username",
									"*  - password",
									"* ",
									"* It requires the following collection variables",
									"*  - pacUnderTest",
									"*  - moduleUnderTest",
									"*  - technologyUnderTest",
									"* ",
									"*******************************************************************************/",
									"",
									"console.log(\"-------------------Checking AirInterfaceConfiguration for Completeness--------------------\");",
									"",
									"/********************************************",
									"* Setting up Local Variables",
									"********************************************/",
									"// Defining the Class Under Test",
									"const CLASS_UNDER_TEST = \"configuration\";",
									"pm.variables.set(\"classUnderTest\", CLASS_UNDER_TEST);",
									"",
									"// AirInterfaceConfiguration Reference Schema",
									"let AIR_INTERFACE_CONFIGURATION_SCHEMA = {\t",
									"\t\"type\": \"object\", ",
									"\t\"properties\": {",
									"\t\t\"air-interface-name\": \t\t\t\t\t{ \"type\": \"string\" }, ",
									"\t\t\"remote-air-interface-name\": \t\t\t{ \"type\": \"string\" }, ",
									"\t\t\"transmitted-radio-signal-id\": { ",
									"\t\t\t\"type\": \"object\", ",
									"\t\t\t\"properties\": {",
									"\t\t\t\t\"numeric-radio-signal-id\": \t\t\t{ \"type\": \"number\" }, ",
									"\t\t\t\t\"alphanumeric-radio-signal-id\": \t{ \"type\": \"string\" }",
									"\t\t\t}",
									"\t\t}, ",
									"\t\t\"expected-radio-signal-id\": {",
									"\t\t\t\"type\": \"object\", ",
									"\t\t\t\"properties\": {",
									"\t\t\t\t\"numeric-radio-signal-id\": \t\t\t{ \"type\": \"number\" }, ",
									"\t\t\t\t\"alphanumeric-radio-signal-id\": \t{ \"type\": \"string\" }",
									"\t\t\t}",
									"\t\t}, ",
									"\t\t\"tx-frequency\": \t\t\t\t\t\t{ \"type\": \"number\" }, ",
									"\t\t\"rx-frequency\": \t\t\t\t\t\t{ \"type\": \"number\" },",
									"\t\t\"transmission-mode-min\": \t\t\t\t{ \"type\": \"string\" }, ",
									"\t\t\"transmission-mode-max\": \t\t\t\t{ \"type\": \"string\" }, ",
									"\t\t\"power-is-on\": \t\t\t\t\t\t\t{ \"type\": \"boolean\" }, ",
									"\t\t\"transmitter-is-on\": \t\t\t\t\t{ \"type\": \"boolean\" },",
									"\t\t\"receiver-is-on\": \t\t\t\t\t\t{ \"type\": \"boolean\" }, \t",
									"\t\t\"tx-power\": \t\t\t\t\t\t\t{ \"type\": \"number\" }, ",
									"\t\t\"adaptive-modulation-is-on\": \t\t\t{ \"type\": \"boolean\" }, ",
									"\t\t\"xpic-is-on\": \t\t\t\t\t\t\t{ \"type\": \"boolean\" }, ",
									"\t\t\"mimo-is-on\": \t\t\t\t\t\t\t{ \"type\": \"boolean\" },",
									"\t\t\"alic-is-on\": \t\t\t\t\t\t\t{ \"type\": \"boolean\" }, ",
									"\t\t\"atpc-is-on\": \t\t\t\t\t\t\t{ \"type\": \"boolean\" }, \t",
									"\t\t\"atpc-thresh-upper\": \t\t\t\t\t{ \"type\": \"number\" }, ",
									"\t\t\"atpc-thresh-lower\": \t\t\t\t\t{ \"type\": \"number\" }, \t",
									"\t\t\"atpc-tx-power-min\": \t\t\t\t\t{ \"type\": \"number\" }, \t",
									"\t\t\"auto-freq-select-is-on\": \t\t\t\t{ \"type\": \"boolean\" }, ",
									"\t\t\"auto-freq-select-range\": \t\t\t\t{ \"type\": \"number\" }, \t",
									"\t\t\"modulation-is-on\": \t\t\t\t\t{ \"type\": \"boolean\" }, \t",
									"\t\t\"encryption-is-on\": \t\t\t\t\t{ \"type\": \"boolean\" }, \t",
									"\t\t\"cryptographic-key\": \t\t\t\t\t{ \"type\": \"string\" }, \t",
									"\t\t\"loop-back-kind-on\": { \"enum\": [",
									"\t\t\t\t\t\t\t\t\t\"air-interface-2-0:LOOP_BACK_TYPE_RF_TO_REMOTE\",",
									"\t\t\t\t\t\t\t\t\t\"air-interface-2-0:LOOP_BACK_TYPE_RF_TO_LOCAL\",",
									"\t\t\t\t\t\t\t\t\t\"air-interface-2-0:LOOP_BACK_TYPE_IF_TO_REMOTE\",",
									"\t\t\t\t\t\t\t\t\t\"air-interface-2-0:LOOP_BACK_TYPE_IF_TO_LOCAL\",",
									"\t\t\t\t\t\t\t\t\t\"air-interface-2-0:LOOP_BACK_TYPE_NONE\"\t\t\t\t\t\t\t\t\t\t\t\t",
									"\t\t\t\t\t\t\t   ]",
									"\t\t}, \t",
									"\t\t\"maintenance-timer\": \t\t\t\t\t{ \"type\": \"number\" }, \t",
									" \t\t\"problem-kind-severity-list\": {",
									"\t\t\t\"type\": \"array\",",
									"\t\t\t\"items\": {",
									"\t\t\t    \"type\": \"object\",",
									"\t\t\t    \"properties\": {",
									"    \t\t\t\t\"problem-kind-name\": \t\t\t\t{ \"type\": \"string\" },",
									"    \t\t\t\t\"problem-kind-severity\": { \"enum\": [",
									"    \t\t\t\t\t\t\t\t\t\t\t    \"air-interface-2-0:SEVERITY_TYPE_NON_ALARMED\",",
									"    \t\t\t\t\t\t\t\t\t\t\t\t\"air-interface-2-0:SEVERITY_TYPE_WARNING\",",
									"    \t\t\t\t\t\t\t\t\t\t\t\t\"air-interface-2-0:SEVERITY_TYPE_MINOR\",",
									"    \t\t\t\t\t\t\t\t\t\t\t\t\"air-interface-2-0:SEVERITY_TYPE_MAJOR\",",
									"    \t\t\t\t\t\t\t\t\t\t\t\t\"air-interface-2-0:SEVERITY_TYPE_CRITICAL\",",
									"    \t\t\t\t\t\t\t\t\t\t\t\t\"air-interface-2-0:SEVERITY_TYPE_NOT_YET_DEFINED\"",
									"    \t\t\t\t\t\t\t\t\t\t   ]",
									"    \t\t\t\t}",
									"\t\t\t    },",
									"\t\t\t    \"required\": [\"problem-kind-name\",",
									"\t\t\t                    \"problem-kind-severity\"",
									"\t\t\t    ]",
									"\t\t\t}    ",
									"\t\t}, \t\t\t",
									" \t\t\"g-826-threshold-cross-alarm-list\": {",
									"\t\t\t\"type\": \"array\",",
									"\t\t\t\"items\": {",
									"\t\t\t    \"type\": \"object\",",
									"\t\t\t    \"properties\": {",
									"    \t\t\t\t\"g-826-value-kind\": { \"enum\": [",
									"    \t\t\t\t\t\t\t\t\t\t\"air-interface-2-0:G_826_TYPE_ES\",",
									"    \t\t\t\t\t\t\t\t\t\t\"air-interface-2-0:G_826_TYPE_SES\",",
									"    \t\t\t\t\t\t\t\t\t\t\"air-interface-2-0:G_826_TYPE_CSES\",",
									"    \t\t\t\t\t\t\t\t\t\t\"air-interface-2-0:G_826_TYPE_UAS\",",
									"    \t\t\t\t\t\t\t\t\t\t\"air-interface-2-0:G_826_TYPE_NOT_SPECIFIED\"",
									"    \t\t\t\t\t\t\t\t\t  ]",
									"    \t\t\t\t},\t\t\t",
									"    \t\t\t\t\"alarm-raising-threshold\": \t\t\t{ \"type\": \"number\" },",
									"    \t\t\t\t\"alarm-clearing-threshold\": \t\t{ \"type\": \"number\" },",
									"    \t\t\t\t\"granularity-period\": { \"enum\": [",
									"    \t\t\t\t\t\t\t\t\t\t\t\"air-interface-2-0:GRANULARITY_PERIOD_TYPE_UNKNOWN\",",
									"    \t\t\t\t\t\t\t\t\t\t\t\"air-interface-2-0:GRANULARITY_PERIOD_TYPE_PERIOD-15-MIN\",",
									"    \t\t\t\t\t\t\t\t\t\t\t\"air-interface-2-0:GRANULARITY_PERIOD_TYPE_PERIOD-24-HOURS\",",
									"    \t\t\t\t\t\t\t\t\t\t\t\"air-interface-2-0:GRANULARITY_PERIOD_TYPE_NOT_YET_DEFINED\"",
									"    \t\t\t\t\t\t\t\t\t    ]",
									"    \t\t\t\t}",
									"\t\t\t    },",
									"\t\t\t    \"required\": [\"g-826-value-kind\",",
									"\t\t\t                    \"alarm-raising-threshold\",",
									"\t\t\t                    \"alarm-clearing-threshold\",",
									"\t\t\t                    \"granularity-period\"",
									"\t\t\t    ]",
									"\t\t\t}",
									"\t\t}, \t\t\t",
									" \t\t\"xlts-threshold-cross-alarm-list\": {",
									"\t\t\t\"type\": \"array\",",
									"\t\t\t\"items\": {",
									"\t\t\t    \"type\": \"object\",",
									"\t\t\t    \"properties\": {",
									"    \t\t\t\t\"level-threshold-second-kind\": { \"enum\": [",
									"    \t\t\t\t\t\t\t\t\t\t\t\t\t\"air-interface-2-0:XLEVEL_THRESHOLD_SECOND_KIND_TYPE_RLTS\",",
									"    \t\t\t\t\t\t\t\t\t\t\t\t\t\"air-interface-2-0:XLEVEL_THRESHOLD_SECOND_KIND_TYPE_TLTS\",",
									"    \t\t\t\t\t\t\t\t\t\t\t\t\t\"air-interface-2-0:XLEVEL_THRESHOLD_SECOND_KIND_TYPE_NOT_YET_DEFINED\"",
									"    \t\t\t\t\t\t\t\t\t\t\t\t ]",
									"    \t\t\t\t},\t\t\t\t\t",
									"    \t\t\t\t\"xlts-level\": \t\t\t\t\t    { \"type\": \"number\" },",
									"    \t\t\t\t\"amount-of-seconds\":\t\t\t    { \"type\": \"number\" },",
									"    \t\t\t\t\"granularity-period\": { \"enum\": [",
									"    \t\t\t\t\t\t\t\t\t\t\t\"air-interface-2-0:GRANULARITY_PERIOD_TYPE_UNKNOWN\",",
									"    \t\t\t\t\t\t\t\t\t\t\t\"air-interface-2-0:GRANULARITY_PERIOD_TYPE_PERIOD-15-MIN\",",
									"    \t\t\t\t\t\t\t\t\t\t\t\"air-interface-2-0:GRANULARITY_PERIOD_TYPE_PERIOD-24-HOURS\",",
									"    \t\t\t\t\t\t\t\t\t\t\t\"air-interface-2-0:GRANULARITY_PERIOD_TYPE_NOT_YET_DEFINED\"",
									"    \t\t\t\t\t\t\t\t\t\t]",
									"    \t\t\t\t}\t\t\t\t",
									"\t\t\t    },",
									"\t\t\t    \"required\": [\"level-threshold-second-kind\",",
									"\t\t\t                    \"xlts-level\",",
									"\t\t\t                    \"amount-of-seconds\",",
									"\t\t\t                    \"granularity-period\"",
									"\t\t\t    ]\t",
									"\t\t\t}",
									"\t\t}, \t\t\t\t\t\t",
									" \t\t\"acm-threshold-cross-alarm-list\": {",
									"\t\t\t\"type\": \"array\",",
									"\t\t\t\"items\": {",
									"\t\t\t    \"type\": \"object\",",
									"\t\t\t    \"properties\": {",
									"    \t\t\t\t\"acm-threshold-cross-alarm-definition-number\": \t{ \"type\": \"number\" },",
									"    \t\t\t\t\"amount-of-seconds\": \t\t\t\t{ \"type\": \"number\" },\t",
									"    \t\t\t\t\"granularity-period\": { \"enum\": [",
									"    \t\t\t\t\t\t\t\t\t\t\t\"air-interface-2-0:GRANULARITY_PERIOD_TYPE_UNKNOWN\",",
									"    \t\t\t\t\t\t\t\t\t\t\t\"air-interface-2-0:GRANULARITY_PERIOD_TYPE_PERIOD-15-MIN\",",
									"    \t\t\t\t\t\t\t\t\t\t\t\"air-interface-2-0:GRANULARITY_PERIOD_TYPE_PERIOD-24-HOURS\",",
									"    \t\t\t\t\t\t\t\t\t\t\t\"air-interface-2-0:GRANULARITY_PERIOD_TYPE_NOT_YET_DEFINED\"",
									"    \t\t\t\t\t\t\t\t\t\t]",
									"    \t\t\t\t},",
									"    \t\t\t\t\"transmission-mode\":                { \"type\": \"string\" }",
									"\t\t\t    },",
									"\t\t\t    \"required\": [\"acm-threshold-cross-alarm-definition-number\",",
									"\t\t\t                    \"amount-of-seconds\",",
									"\t\t\t                    \"granularity-period\",",
									"\t\t\t                    \"transmission-mode\"",
									"\t\t\t    ]",
									"\t\t\t}",
									"\t\t}, \t\t\t\t\t\t",
									"\t\t\"clearing-threshold-cross-alarms-is-on\":{ \"type\": \"boolean\" },\t",
									"\t\t\"performance-monitoring-is-on\": \t\t{ \"type\": \"boolean\" }",
									"\t},",
									" \t\"required\": [ \"air-interface-name\", ",
									"\t\t\t\t\t\"remote-air-interface-name\",\t\t\t\t\t\t\t\t\t\t\t  ",
									"\t\t\t\t\t\"transmitted-radio-signal-id\",",
									"\t\t\t\t\t\"expected-radio-signal-id\",\t",
									"\t\t\t\t\t\"tx-frequency\",",
									"\t\t\t\t\t\"rx-frequency\",",
									"\t\t\t\t\t\"transmission-mode-min\",",
									"\t\t\t\t\t\"transmission-mode-max\",",
									"\t\t\t\t\t\"power-is-on\",",
									"\t\t\t\t\t\"transmitter-is-on\",\t",
									"\t\t\t\t\t\"receiver-is-on\",\t\t\t\t\t\t\t\t\t\t\t\t\t  ",
									"\t\t\t\t\t\"tx-power\",\t\t\t\t\t\t\t\t\t\t\t  ",
									"\t\t\t\t\t\"adaptive-modulation-is-on\",",
									"\t\t\t\t\t\"xpic-is-on\",\t",
									"\t\t\t\t\t\"mimo-is-on\",",
									"\t\t\t\t\t\"alic-is-on\",\t\t\t\t\t\t\t\t\t\t\t  ",
									"\t\t\t\t\t\"atpc-is-on\",",
									"\t\t\t\t\t\"atpc-thresh-upper\",\t",
									"\t\t\t\t\t\"atpc-thresh-lower\",",
									"\t\t\t\t\t\"atpc-tx-power-min\",\t\t\t\t\t\t\t\t\t\t\t  ",
									"\t\t\t\t\t\"auto-freq-select-is-on\",",
									"\t\t\t\t\t\"auto-freq-select-range\",\t",
									"\t\t\t\t\t\"modulation-is-on\",",
									"\t\t\t\t\t\"encryption-is-on\",\t\t\t\t\t\t\t\t\t\t\t  ",
									"\t\t\t\t\t\"cryptographic-key\",",
									"\t\t\t\t\t\"loop-back-kind-on\",\t",
									"\t\t\t\t\t\"maintenance-timer\",\t\t",
									"\t\t\t\t\t\"problem-kind-severity-list\",\t\t\t\t\t\t\t\t\t\t\t  ",
									"\t\t\t\t\t\"g-826-threshold-cross-alarm-list\",",
									"\t\t\t\t\t\"xlts-threshold-cross-alarm-list\",\t",
									"\t\t\t\t\t\"acm-threshold-cross-alarm-list\",",
									"\t\t\t\t\t\"clearing-threshold-cross-alarms-is-on\",\t\t\t\t\t\t\t\t\t\t\t  ",
									"\t\t\t\t\t\"performance-monitoring-is-on\"\t\t\t\t\t\t\t\t\t\t\t\t\t\t  ",
									"\t\t\t\t ]",
									"};",
									"pm.variables.set(\"schema\", AIR_INTERFACE_CONFIGURATION_SCHEMA);",
									"",
									"",
									"/********************************************",
									"* Formulating the Request",
									"********************************************/",
									"// Execution of the Pre-Request Script defined in CapabilityCompleteness",
									"eval(pm.collectionVariables.get(\"settingTheRequestVariables\"))();"
								],
								"type": "text/javascript"
							}
						},
						{
							"listen": "test",
							"script": {
								"id": "ec562c48-5724-43dd-9827-6b93725cf290",
								"exec": [
									"/********************************************",
									"* Testing",
									"********************************************/",
									"// Execution of the Tests Script defined in CapabilityCompleteness",
									"eval(pm.collectionVariables.get(\"testsScriptForAllClasses\"))();"
								],
								"type": "text/javascript"
							}
						}
					],
					"request": {
						"auth": {
							"type": "basic",
							"basic": [
								{
									"key": "password",
									"value": "{{password}}",
									"type": "string"
								},
								{
									"key": "username",
									"value": "{{username}}",
									"type": "string"
								}
							]
						},
						"method": "GET",
						"header": [],
						"url": {
							"raw": "http://{{controllerAddress}}{{dB}}{{networkElement}}{{object}}",
							"protocol": "http",
							"host": [
								"{{controllerAddress}}{{dB}}{{networkElement}}{{object}}"
							]
						}
					},
					"response": []
				},
				{
					"name": "StatusCompleteness",
					"event": [
						{
							"listen": "prerequest",
							"script": {
								"id": "6a1e746e-a742-4b4d-ba2f-962986fd39c4",
								"exec": [
									"/*******************************************************************************",
									"* ",
									"* Request for validating AirInterface Status Objects against definition ",
									"* ",
									"*                   AirInterface_2.0.0-tsp.191122.1800",
									"* ",
									"* as it can be found on https://github.com/openBackhaul/airInterface/tree/tsp",
									"* ",
									"* It checks for ",
									"*  - reachability of *_Pac class and Capability class",
									"*  - availability of all attributes",
									"*  - correct datatypes",
									"*  - correct enumeration values",
									"*  - no additional, vendor specific amendments",
									"* ",
									"* It requires the following environmental variables",
									"*  - controller",
									"*  - controllerAddress",
									"*  - pathToDbAndMountPoint",
									"*  - username",
									"*  - password",
									"* ",
									"* It requires the following collection variables",
									"*  - pacUnderTest",
									"*  - moduleUnderTest",
									"*  - technologyUnderTest",
									"* ",
									"*******************************************************************************/",
									"",
									"console.log(\"----------------------Checking AirInterfaceStatus for Completeness------------------------\");",
									"",
									"/********************************************",
									"* Setting up Local Variables",
									"********************************************/",
									"// Defining the Class Under Test",
									"const CLASS_UNDER_TEST = \"status\";",
									"pm.variables.set(\"classUnderTest\", CLASS_UNDER_TEST);",
									"",
									"// AirInterface Status Reference Schema",
									"let AIR_INTERFACE_STATUS_SCHEMA = {\t",
									"\t\"type\": \"object\", ",
									"\t\"properties\": {",
									"\t\t\"interface-status\": { \"enum\": [",
									"\t\t\t\t\t\t\t\t\"air-interface-2-0:INTERFACE_STATUS_TYPE_UP\",",
									"\t\t\t\t\t\t\t\t\"air-interface-2-0:INTERFACE_STATUS_TYPE_DOWN\",",
									"\t\t\t\t\t\t\t\t\"air-interface-2-0:INTERFACE_STATUS_TYPE_TESTING\",",
									"\t\t\t\t\t\t\t\t\"air-interface-2-0:INTERFACE_STATUS_TYPE_UNKNOWN\",",
									"\t\t\t\t\t\t\t\t\"air-interface-2-0:INTERFACE_STATUS_TYPE_DORMANT\",",
									"\t\t\t\t\t\t\t\t\"air-interface-2-0:INTERFACE_STATUS_TYPE_NOT_PRESENT\",",
									"\t\t\t\t\t\t\t\t\"air-interface-2-0:INTERFACE_STATUS_TYPE_LOWER_LAYER_DOWN\",",
									"\t\t\t\t\t\t\t\t\"air-interface-2-0:INTERFACE_STATUS_TYPE_ADMIN_DOWN\",",
									"\t\t\t\t\t\t\t\t\"air-interface-2-0:INTERFACE_STATUS_TYPE_NOT_YET_DEFINED\"\t\t\t\t\t\t",
									"\t\t\t\t\t\t\t]",
									"\t\t}, \t\t  ",
									"\t\t\"tx-frequency-cur\": \t\t\t\t{ \"type\": \"number\"  }, ",
									"\t\t\"rx-frequency-cur\": \t\t\t\t{ \"type\": \"number\"  }, ",
									"\t\t\"transmission-mode-cur\":            { \"type\": \"string\" },",
									"\t\t\"received-radio-signal-id\": {",
									"\t\t\t\"type\": \"object\", ",
									"\t\t\t\"properties\": {",
									"\t\t\t\t\"numeric-radio-signal-id\": \t\t{ \"type\": \"number\" }, ",
									"\t\t\t\t\"alphanumeric-radio-signal-id\": { \"type\": \"string\" }",
									"\t\t\t},",
									"\t\t\t\"required\": [\"numeric-radio-signal-id\", ",
									"\t\t\t\t\t\t    \"alphanumeric-radio-signal-id\"",
									"\t\t\t]\t\t\t\t\t\t\t\t\t\t",
									"\t\t}, ",
									"\t\t\"radio-power-is-up\": \t\t\t\t{ \"type\": \"boolean\" }, \t ",
									"\t\t\"link-is-up\": \t\t\t\t\t\t{ \"type\": \"boolean\" },",
									"\t\t\"xpic-is-up\": \t\t\t\t\t\t{ \"type\": \"boolean\" }, ",
									"\t\t\"mimo-is-up\": \t\t\t\t\t\t{ \"type\": \"boolean\" }, \t ",
									"\t\t\"alic-is-up\": \t\t\t\t\t\t{ \"type\": \"boolean\" },\t ",
									"\t\t\"atpc-is-up\": \t\t\t\t\t\t{ \"type\": \"boolean\" }, ",
									"\t\t\"auto-freq-select-is-up\": \t\t\t{ \"type\": \"boolean\" }, \t ",
									"\t\t\"local-end-point-id\": \t\t\t\t{ \"type\": \"string\" }, ",
									"\t\t\"remote-end-point-id\":\t \t\t\t{ \"type\": \"string\" },",
									"\t\t\"loop-back-kind-up\": { \"enum\": [",
									"\t\t\t\t\t\t\t\t\t\"air-interface-2-0:LOOP_BACK_TYPE_RF_TO_REMOTE\",",
									"\t\t\t\t\t\t\t\t\t\"air-interface-2-0:LOOP_BACK_TYPE_RF_TO_LOCAL\",",
									"\t\t\t\t\t\t\t\t\t\"air-interface-2-0:LOOP_BACK_TYPE_IF_TO_REMOTE\",",
									"\t\t\t\t\t\t\t\t\t\"air-interface-2-0:LOOP_BACK_TYPE_IF_TO_LOCAL\",",
									"\t\t\t\t\t\t\t\t\t\"air-interface-2-0:LOOP_BACK_TYPE_NONE\"\t\t\t\t\t\t\t\t\t\t\t\t",
									"\t\t\t\t\t\t\t]",
									"\t\t}, \t\t ",
									"\t\t\"performance-monitoring-is-up\": \t{ \"type\": \"boolean\" }, ",
									"\t\t\"rx-level-cur\": \t\t\t\t\t{ \"type\": \"number\" }, ",
									"\t\t\"tx-level-cur\": \t\t\t\t\t{ \"type\": \"number\" }, ",
									"\t\t\"snir-cur\": \t\t\t\t\t\t{ \"type\": \"number\" }, \t ",
									"\t\t\"xpd-cur\": \t\t\t\t\t\t\t{ \"type\": \"number\" }, ",
									"\t\t\"rf-temp-cur\": \t\t\t\t\t\t{ \"type\": \"number\" }",
									"\t},",
									"\t\"required\": [\"interface-status\", ",
									"\t\t\t\t\"tx-frequency-cur\",\t",
									"\t\t\t\t\"rx-frequency-cur\",\t",
									"\t\t\t\t\"transmission-mode-cur\",",
									"\t\t\t\t\"received-radio-signal-id\",\t\t\t\t\t\t\t\t\t\t  ",
									"\t\t\t\t\"radio-power-is-up\",\t",
									"\t\t\t\t\"link-is-up\",",
									"\t\t\t\t\"xpic-is-up\",",
									"\t\t\t\t\"mimo-is-up\",",
									"\t\t\t\t\"alic-is-up\",",
									"\t\t\t\t\"atpc-is-up\",",
									"\t\t\t\t\"auto-freq-select-is-up\",",
									"\t\t\t\t\"local-end-point-id\",\t",
									"\t\t\t\t\"remote-end-point-id\",\t",
									"\t\t\t\t\"loop-back-kind-up\",\t",
									"\t\t\t\t\"performance-monitoring-is-up\",",
									"\t\t\t\t\"rx-level-cur\",",
									"\t\t\t\t\"tx-level-cur\",",
									"\t\t\t\t\"snir-cur\",",
									"\t\t\t\t\"xpd-cur\",",
									"\t\t\t\t\"rf-temp-cur\"",
									"\t]\t",
									"};",
									"pm.variables.set(\"schema\", AIR_INTERFACE_STATUS_SCHEMA);",
									"",
									"",
									"/********************************************",
									"* Formulating the Request",
									"********************************************/",
									"// Execution of the Pre-Request Script defined in CapabilityCompleteness",
									"eval(pm.collectionVariables.get(\"settingTheRequestVariables\"))();"
								],
								"type": "text/javascript"
							}
						},
						{
							"listen": "test",
							"script": {
								"id": "ec562c48-5724-43dd-9827-6b93725cf290",
								"exec": [
									"/********************************************",
									"* Testing",
									"********************************************/",
									"// Execution of the Tests Script defined in CapabilityCompleteness",
									"eval(pm.collectionVariables.get(\"testsScriptForAllClasses\"))();"
								],
								"type": "text/javascript"
							}
						}
					],
					"request": {
						"auth": {
							"type": "basic",
							"basic": [
								{
									"key": "password",
									"value": "{{password}}",
									"type": "string"
								},
								{
									"key": "username",
									"value": "{{username}}",
									"type": "string"
								}
							]
						},
						"method": "GET",
						"header": [],
						"url": {
							"raw": "http://{{controllerAddress}}{{dB}}{{networkElement}}{{object}}",
							"protocol": "http",
							"host": [
								"{{controllerAddress}}{{dB}}{{networkElement}}{{object}}"
							]
						}
					},
					"response": []
				},
				{
					"name": "CurrentProblemsCompleteness",
					"event": [
						{
							"listen": "prerequest",
							"script": {
								"id": "6a1e746e-a742-4b4d-ba2f-962986fd39c4",
								"exec": [
									"/*******************************************************************************",
									"* ",
									"* Request for validating AirInterface CurrentProblems Objects against definition ",
									"* ",
									"*                   AirInterface_2.0.0-tsp.191122.1800",
									"* ",
									"* as it can be found on https://github.com/openBackhaul/airInterface/tree/tsp",
									"* ",
									"* It checks for ",
									"*  - reachability of *_Pac class and Capability class",
									"*  - availability of all attributes",
									"*  - correct datatypes",
									"*  - correct enumeration values",
									"*  - no additional, vendor specific amendments",
									"* ",
									"* It requires the following environmental variables",
									"*  - controller",
									"*  - controllerAddress",
									"*  - pathToDbAndMountPoint",
									"*  - username",
									"*  - password",
									"* ",
									"* It requires the following collection variables",
									"*  - pacUnderTest",
									"*  - moduleUnderTest",
									"*  - technologyUnderTest",
									"* ",
									"*******************************************************************************/",
									"",
									"console.log(\"------------------Checking AirInterfaceCurrentProblems for Completeness-------------------\");",
									"",
									"/********************************************",
									"* Setting up Local Variables",
									"********************************************/",
									"// Defining the Class Under Test",
									"const CLASS_UNDER_TEST = \"current-problems\";",
									"pm.variables.set(\"classUnderTest\", CLASS_UNDER_TEST);",
									"",
									"// AirInterfaceCurrentProblems Reference Schema",
									"let AIR_INTERFACE_CURRENT_PROBLEMS_SCHEMA = {\t",
									"    \"type\": \"object\",",
									"    \"properties\": {",
									"\t\t\"current-problem-list\": {",
									"\t\t\t\"type\": \"array\",",
									"\t\t\t\"items\": {",
									"\t\t\t\t\"type\": \"object\",",
									"\t\t\t\t\"properties\": {",
									"\t\t\t\t\t\"problem-name\": \t\t\t{ \"type\": \"string\" },",
									"\t\t\t\t\t\"sequence-number\": \t\t\t{ \"type\": \"number\" },",
									"\t\t\t\t\t\"timestamp\": \t\t\t\t{ \"type\": \"string\" },",
									"\t\t\t\t\t\"problem-severity\": { \"enum\": [",
									"\t\t\t\t\t\t\t\t\t\t\t\"air-interface-2-0:SEVERITY_TYPE_NON_ALARMED\",",
									"\t\t\t\t\t\t\t\t\t\t\t\"air-interface-2-0:SEVERITY_TYPE_WARNING\",",
									"\t\t\t\t\t\t\t\t\t\t\t\"air-interface-2-0:SEVERITY_TYPE_MINOR\",",
									"\t\t\t\t\t\t\t\t\t\t\t\"air-interface-2-0:SEVERITY_TYPE_MAJOR\",",
									"\t\t\t\t\t\t\t\t\t\t\t\"air-interface-2-0:SEVERITY_TYPE_CRITICAL\",",
									"\t\t\t\t\t\t\t\t\t\t\t\"air-interface-2-0:SEVERITY_TYPE_NOT_YET_DEFINED\"\t\t\t\t\t\t\t\t\t\t\t\t\t\t\t\t\t\t\t\t\t\t\t",
									"\t\t\t\t\t\t\t\t\t\t]",
									"\t\t\t\t\t}\t\t\t\t\t",
									"\t\t\t\t},",
									"\t\t\t\t\"required\": [ \"problem-name\", ",
									"\t\t\t\t    \t\t\t\"sequence-number\",\t\t\t\t\t\t\t\t\t\t\t  ",
									"\t\t\t\t\t    \t\t\"timestamp\",",
									"\t\t\t\t\t\t    \t\"problem-severity\"\t",
									"\t\t\t\t]\t\t\t",
									"\t\t\t}\t\t\t\t\t\t\t",
									"\t\t}",
									"\t},",
									"\t\"required\": [ \"current-problem-list\"] ",
									"};",
									"pm.variables.set(\"schema\", AIR_INTERFACE_CURRENT_PROBLEMS_SCHEMA);",
									"",
									"",
									"/********************************************",
									"* Formulating the Request",
									"********************************************/",
									"// Execution of the Pre-Request Script defined in CapabilityCompleteness",
									"eval(pm.collectionVariables.get(\"settingTheRequestVariables\"))();"
								],
								"type": "text/javascript"
							}
						},
						{
							"listen": "test",
							"script": {
								"id": "ec562c48-5724-43dd-9827-6b93725cf290",
								"exec": [
									"/********************************************",
									"* Testing",
									"********************************************/",
									"// Execution of the Tests Script defined in CapabilityCompleteness",
									"eval(pm.collectionVariables.get(\"testsScriptForAllClasses\"))();"
								],
								"type": "text/javascript"
							}
						}
					],
					"request": {
						"auth": {
							"type": "basic",
							"basic": [
								{
									"key": "password",
									"value": "{{password}}",
									"type": "string"
								},
								{
									"key": "username",
									"value": "{{username}}",
									"type": "string"
								}
							]
						},
						"method": "GET",
						"header": [],
						"url": {
							"raw": "http://{{controllerAddress}}{{dB}}{{networkElement}}{{object}}",
							"protocol": "http",
							"host": [
								"{{controllerAddress}}{{dB}}{{networkElement}}{{object}}"
							]
						}
					},
					"response": []
				},
				{
					"name": "CurrentPerformanceCompleteness",
					"event": [
						{
							"listen": "prerequest",
							"script": {
								"id": "6a1e746e-a742-4b4d-ba2f-962986fd39c4",
								"exec": [
									"/*******************************************************************************",
									"* ",
									"* Request for validating AirInterface CurrentPerformance Objects against definition ",
									"* ",
									"*                   AirInterface_2.0.0-tsp.191122.1800",
									"* ",
									"* It checks for ",
									"*  - reachability of *_Pac class and Capability class",
									"*  - availability of all attributes",
									"*  - correct datatypes",
									"*  - correct enumeration values",
									"*  - no additional, vendor specific amendments",
									"* ",
									"* It requires the following environmental variables",
									"*  - controller",
									"*  - controllerAddress",
									"*  - pathToDbAndMountPoint",
									"*  - username",
									"*  - password",
									"* ",
									"* It requires the following collection variables",
									"*  - pacUnderTest",
									"*  - moduleUnderTest",
									"*  - technologyUnderTest",
									"* ",
									"*******************************************************************************/",
									"",
									"console.log(\"----------------Checking AirInterfaceCurrentPerformance for Completeness------------------\");",
									"",
									"/********************************************",
									"* Setting up Local Variables",
									"********************************************/",
									"// Defining the Class Under Test",
									"const CLASS_UNDER_TEST = \"current-performance\";",
									"pm.variables.set(\"classUnderTest\", CLASS_UNDER_TEST);",
									"",
									"// Air Interface Current Performance Reference Schema",
									"let AIR_INTERFACE_CURRENT_PERFORMANCE_SCHEMA = {\t",
									"\t\"type\": \"object\", ",
									"\t\"properties\": {",
									"\t\t\"current-performance-data-list\": {",
									"\t\t\t\"type\": \"array\",",
									"\t\t\t\"items\": {",
									"\t\t\t    \"type\": \"object\",",
									"\t\t\t    \"properties\": {",
									"\t\t\t\t\t\"performance-data\": {",
									"\t\t\t\t\t\t\"type\": \"object\", ",
									"\t\t\t\t\t\t\"properties\": {",
									"\t\t\t\t\t\t\t\"es\": \t\t\t\t\t\t\t{ \"type\": \"number\" },",
									"\t\t\t\t\t\t\t\"ses\": \t\t\t\t\t\t\t{ \"type\": \"number\" }, \t\t",
									"\t\t\t\t\t\t\t\"cses\": \t\t\t\t\t\t{ \"type\": \"number\" }, \t",
									"\t\t\t\t\t\t\t\"unavailability\": \t\t\t\t{ \"type\": \"number\" }, ",
									"\t\t\t\t\t\t\t\"tx-level-min\": \t\t\t\t{ \"type\": \"number\" }, ",
									"\t\t\t\t\t\t\t\"tx-level-max\":\t\t\t\t    { \"type\": \"number\" }, \t\t\t",
									"\t\t\t\t\t\t\t\"tx-level-avg\": \t\t\t\t{ \"type\": \"number\" }, ",
									"\t\t\t\t\t\t\t\"rx-level-min\": \t\t\t\t{ \"type\": \"number\" }, \t",
									"\t\t\t\t\t\t\t\"rx-level-max\": \t\t\t\t{ \"type\": \"number\" },\t\t",
									"\t\t\t\t\t\t\t\"rx-level-avg\": \t\t\t\t{ \"type\": \"number\" }, \t",
									"\t\t\t\t\t\t\t\"time-xstates-list\": {    ",
									"\t\t\t\t\t\t\t\t\"type\": \"array\",",
									"\t\t\t\t\t\t\t\t\"items\": {\t\t",
									"\t\t\t\t\t\t\t\t\t\"type\": \"object\", ",
									"\t\t\t\t\t\t\t\t\t\"properties\": {\t\t\t\t\t",
									"\t\t\t\t\t\t\t\t\t\t\"time-xstate-sequence-number\":\t{ \"type\": \"number\" },",
									"\t\t\t\t\t\t\t\t\t\t\"transmission-mode\":            { \"type\": \"string\" },",
									"\t\t\t\t\t\t\t\t\t\t\"time\": \t\t            \t{ \"type\": \"number\" }\t\t\t",
									"\t\t\t\t\t\t\t\t\t},",
									"\t\t\t\t\t\t\t\t\t\"required\": [ \"time-xstate-sequence-number\",",
									"\t\t\t\t\t\t\t\t\t\t\t    \t\"transmission-mode\",\t\t\t\t\t\t\t\t\t",
									"\t\t\t\t\t\t\t\t\t\t\t    \t\"time\"\t\t\t\t\t\t\t\t\t\t  ",
									"\t\t\t\t\t\t\t\t\t]\t\t",
									"\t\t\t\t\t\t\t\t}",
									"\t\t\t\t\t\t\t},",
									"\t\t\t\t\t\t\t\"snir-min\": \t\t\t\t\t{ \"type\": \"number\" }, ",
									"\t\t\t\t\t\t\t\"snir-max\": \t\t\t\t\t{ \"type\": \"number\" }, ",
									"\t\t\t\t\t\t\t\"snir-avg\": \t\t\t\t\t{ \"type\": \"number\" }, ",
									"\t\t\t\t\t\t\t\"xpd-min\": \t\t\t\t\t\t{ \"type\": \"number\" }, ",
									"\t\t\t\t\t\t\t\"xpd-max\": \t\t\t\t\t\t{ \"type\": \"number\" }, ",
									"\t\t\t\t\t\t\t\"xpd-avg\": \t\t\t\t\t\t{ \"type\": \"number\" }, ",
									"\t\t\t\t\t\t\t\"rf-temp-min\": \t\t\t\t\t{ \"type\": \"number\" }, ",
									"\t\t\t\t\t\t\t\"rf-temp-max\": \t\t\t\t\t{ \"type\": \"number\" }, ",
									"\t\t\t\t\t\t\t\"rf-temp-avg\": \t\t\t\t\t{ \"type\": \"number\" }, ",
									"\t\t\t\t\t\t\t\"defect-blocks-sum\": \t\t\t{ \"type\": \"number\" }, \t\t\t",
									"\t\t\t\t\t\t\t\"time-period\": \t\t\t\t\t{ \"type\": \"number\" }",
									"\t\t\t\t\t\t},",
									"\t\t\t\t\t\t\"required\": [ \"es\", ",
									"                            \t\t\t\"ses\",\t\t\t\t\t\t\t\t\t\t\t  ",
									"                            \t\t\t\"cses\",",
									"                            \t\t\t\"unavailability\",\t",
									"                            \t\t\t\"tx-level-min\",",
									"                            \t\t\t\"tx-level-max\",",
									"                            \t\t\t\"tx-level-avg\",",
									"                            \t\t\t\"rx-level-min\",",
									"                            \t\t\t\"rx-level-max\",",
									"                            \t\t\t\"rx-level-avg\",",
									"                            \t\t\t\"time-xstates-list\",",
									"                            \t\t\t\"snir-min\",",
									"                            \t\t\t\"snir-max\",",
									"                            \t\t\t\"snir-avg\",",
									"                            \t\t\t\"xpd-min\",",
									"                            \t\t\t\"xpd-max\",",
									"                            \t\t\t\"xpd-avg\",",
									"                            \t\t\t\"rf-temp-min\",",
									"                            \t\t\t\"rf-temp-max\",",
									"                            \t\t\t\"rf-temp-avg\",",
									"                            \t\t\t\"defect-blocks-sum\",",
									"                            \t\t\t\"time-period\"",
									"\t\t\t\t\t\t]\t\t\t\t\t",
									"\t\t\t\t\t},",
									"\t\t\t\t\t\"timestamp\": \t\t\t\t\t\t{ \"type\": \"string\" },",
									"\t\t\t\t\t\"suspect-interval-flag\": \t\t\t{ \"type\": \"boolean\" },\t\t\t",
									"\t\t\t\t\t\"elapsed-time\": \t\t\t\t\t{ \"type\": \"integer\" },\t\t",
									"\t\t\t\t\t\"scanner-id\": \t\t\t\t\t\t{ \"type\": \"string\" },",
									"\t\t\t\t\t\"operational-state\": \t{ \"enum\": [",
									"\t\t\t\t\t\t\t\t\t\t\t\t\"air-interface-2-0:OPERATIONAL_STATE_TYPE_ENABLED\",",
									"\t\t\t\t\t\t\t\t\t\t\t\t\"air-interface-2-0:OPERATIONAL_STATE_TYPE_DISABLED\",",
									"\t\t\t\t\t\t\t\t\t\t\t\t\"air-interface-2-0:OPERATIONAL_STATE_TYPE_NOT_YET_DEFINED\"\t\t\t\t\t\t\t\t\t\t\t\t\t\t\t\t\t\t\t\t\t\t\t",
									"\t\t\t\t\t\t\t\t\t\t\t  ]",
									"\t\t\t\t\t},\t ",
									"\t\t\t\t\t\"granularity-period\": \t{ \"enum\": [",
									"\t\t\t\t\t\t\t\t\t\t\t\t\"air-interface-2-0:GRANULARITY_PERIOD_TYPE_UNKNOWN\",",
									"\t\t\t\t\t\t\t\t\t\t\t\t\"air-interface-2-0:GRANULARITY_PERIOD_TYPE_PERIOD-15-MIN\",",
									"\t\t\t\t\t\t\t\t\t\t\t\t\"air-interface-2-0:GRANULARITY_PERIOD_TYPE_PERIOD-24-HOURS\",",
									"\t\t\t\t\t\t\t\t\t\t\t\t\"air-interface-2-0:GRANULARITY_PERIOD_TYPE_NOT_YET_DEFINED\"",
									"\t\t\t\t\t\t\t\t\t\t\t  ]",
									"\t\t\t\t\t},\t ",
									"\t\t\t\t\t\"administrative-state\":\t{ \"enum\": [",
									"\t\t\t\t\t\t\t\t\t\t\t\t\"air-interface-2-0:ADMINISTRATIVE_STATE_TYPE_UNLOCKED\",",
									"\t\t\t\t\t\t\t\t\t\t\t\t\"air-interface-2-0:ADMINISTRATIVE_STATE_TYPE_LOCKED\",",
									"\t\t\t\t\t\t\t\t\t\t\t\t\"air-interface-2-0:ADMINISTRATIVE_STATE_TYPE_SHUTTING_DOWN\",",
									"\t\t\t\t\t\t\t\t\t\t\t\t\"air-interface-2-0:ADMINISTRATIVE_STATE_TYPE_NOT_YET_DEFINED\"",
									"\t\t\t\t\t\t\t\t\t\t\t  ]",
									"\t\t\t\t\t},",
									"\t\t\t\t\t\"object-class\": \t\t\t\t\t{ \"type\": \"string\" },",
									"\t\t\t\t\t\"name-binding\": \t\t\t\t\t{ \"type\": \"string\" },",
									"\t\t\t\t\t\"packages\": \t\t\t\t\t\t{ \"type\": \"string\" },",
									"\t\t\t\t\t\"allomorphs\": \t\t\t\t\t\t{ \"type\": \"string\" }\t\t\t\t\t",
									"\t\t\t\t},",
									"\t\t\t\t\"required\":\t[ \"performance-data\",",
									"    \t\t\t\t\t\t\t\"timestamp\",",
									"    \t\t\t\t\t\t\t\"suspect-interval-flag\",",
									"    \t\t\t\t\t\t\t\"elapsed-time\",",
									"    \t\t\t\t\t\t\t\"scanner-id\",",
									"    \t\t\t\t\t\t\t\"operational-state\",",
									"    \t\t\t\t\t\t\t\"granularity-period\",",
									"    \t\t\t\t\t\t\t\"administrative-state\",",
									"\t\t\t\t]",
									"\t\t\t}",
									"\t\t}\t",
									"\t},\t\t",
									"\t\"required\":\t[ \"current-performance-data-list\" ]",
									"};",
									"pm.variables.set(\"schema\", AIR_INTERFACE_CURRENT_PERFORMANCE_SCHEMA);",
									"",
									"",
									"/********************************************",
									"* Formulating the Request",
									"********************************************/",
									"// Execution of the Pre-Request Script defined in CapabilityCompleteness",
									"eval(pm.collectionVariables.get(\"settingTheRequestVariables\"))();"
								],
								"type": "text/javascript"
							}
						},
						{
							"listen": "test",
							"script": {
								"id": "ec562c48-5724-43dd-9827-6b93725cf290",
								"exec": [
									"/********************************************",
									"* Testing",
									"********************************************/",
									"// Execution of the Tests Script defined in CapabilityCompleteness",
									"eval(pm.collectionVariables.get(\"testsScriptForAllClasses\"))();"
								],
								"type": "text/javascript"
							}
						}
					],
					"request": {
						"auth": {
							"type": "basic",
							"basic": [
								{
									"key": "password",
									"value": "{{password}}",
									"type": "string"
								},
								{
									"key": "username",
									"value": "{{username}}",
									"type": "string"
								}
							]
						},
						"method": "GET",
						"header": [],
						"url": {
							"raw": "http://{{controllerAddress}}{{dB}}{{networkElement}}{{object}}",
							"protocol": "http",
							"host": [
								"{{controllerAddress}}{{dB}}{{networkElement}}{{object}}"
							]
						}
					},
					"response": []
				},
				{
					"name": "HistoricalPerformancesCompleteness",
					"event": [
						{
							"listen": "prerequest",
							"script": {
								"id": "6a1e746e-a742-4b4d-ba2f-962986fd39c4",
								"exec": [
									"/*******************************************************************************",
									"* ",
									"* Request for validating AirInterface HistoricalPerformances Objects against definition ",
									"* ",
									"*                   AirInterface_2.0.0-tsp.191122.1800",
									"* ",
									"* as it can be found on https://github.com/openBackhaul/airInterface/tree/tsp",
									"* ",
									"* It checks for ",
									"*  - reachability of *_Pac class and Capability class",
									"*  - availability of all attributes",
									"*  - correct datatypes",
									"*  - correct enumeration values",
									"*  - no additional, vendor specific amendments",
									"* ",
									"* It requires the following environmental variables",
									"*  - controller",
									"*  - controllerAddress",
									"*  - pathToDbAndMountPoint",
									"*  - username",
									"*  - password",
									"* ",
									"* It requires the following collection variables",
									"*  - pacUnderTest",
									"*  - moduleUnderTest",
									"*  - technologyUnderTest",
									"* ",
									"*******************************************************************************/",
									"",
									"console.log(\"---------------Checking AirInterfaceHistoricalPerformances for Completeness---------------\");",
									"",
									"/********************************************",
									"* Setting up Local Variables",
									"********************************************/",
									"// Defining the Class Under Test",
									"const CLASS_UNDER_TEST = \"historical-performances\";",
									"pm.variables.set(\"classUnderTest\", CLASS_UNDER_TEST);",
									"",
									"// Air Interface Historical Performances Reference Schema",
									"let AIR_INTERFACE_HISTORICAL_PERFORMANCES_SCHEMA = {\t",
									"    \"type\": \"object\",",
									"    \"properties\": {",
									"\t\t\"historical-performance-data-list\": {",
									"\t\t\t\"type\": \"array\",",
									"\t\t\t\"items\": {",
									"\t\t\t\t\"type\": \"object\",",
									"\t\t\t\t\"properties\": {",
									"\t\t\t\t\t\"performance-data\": {",
									"\t\t\t\t\t\t\"type\": \"object\", ",
									"\t\t\t\t\t\t\"properties\": {",
									"\t\t\t\t\t\t\t\"es\": \t\t\t\t\t\t\t{ \"type\": \"number\" },",
									"\t\t\t\t\t\t\t\"ses\": \t\t\t\t\t\t\t{ \"type\": \"number\" }, \t\t",
									"\t\t\t\t\t\t\t\"cses\": \t\t\t\t\t\t{ \"type\": \"number\" }, \t",
									"\t\t\t\t\t\t\t\"unavailability\": \t\t\t\t{ \"type\": \"number\" }, ",
									"\t\t\t\t\t\t\t\"tx-level-min\": \t\t\t\t{ \"type\": \"number\" }, ",
									"\t\t\t\t\t\t\t\"tx-level-max\":\t\t\t\t    { \"type\": \"number\" }, \t\t\t",
									"\t\t\t\t\t\t\t\"tx-level-avg\": \t\t\t\t{ \"type\": \"number\" }, ",
									"\t\t\t\t\t\t\t\"rx-level-min\": \t\t\t\t{ \"type\": \"number\" }, \t",
									"\t\t\t\t\t\t\t\"rx-level-max\": \t\t\t\t{ \"type\": \"number\" },\t\t",
									"\t\t\t\t\t\t\t\"rx-level-avg\": \t\t\t\t{ \"type\": \"number\" }, \t",
									"\t\t\t\t\t\t\t\"time-xstates-list\": {    ",
									"\t\t\t\t\t\t\t\t\"type\": \"array\",",
									"\t\t\t\t\t\t\t\t\"items\": {\t\t",
									"\t\t\t\t\t\t\t\t\t\"type\": \"object\", ",
									"\t\t\t\t\t\t\t\t\t\"properties\": {\t\t\t\t\t",
									"\t\t\t\t\t\t\t\t\t\t\"time-xstate-sequence-number\":\t{ \"type\": \"number\" },",
									"\t\t\t\t\t\t\t\t\t\t\"transmission-mode\":            { \"type\": \"string\" },",
									"\t\t\t\t\t\t\t\t\t\t\"time\": \t\t            \t{ \"type\": \"number\" }\t\t\t",
									"\t\t\t\t\t\t\t\t\t},",
									"\t\t\t\t\t\t\t\t\t\"required\": [ \"time-xstate-sequence-number\",",
									"\t\t\t\t\t\t\t\t\t\t\t    \t\"transmission-mode\",\t\t\t\t\t\t\t\t\t",
									"\t\t\t\t\t\t\t\t\t\t\t    \t\"time\"\t\t\t\t\t\t\t\t\t\t  ",
									"\t\t\t\t\t\t\t\t\t]\t\t",
									"\t\t\t\t\t\t\t\t}",
									"\t\t\t\t\t\t\t},",
									"\t\t\t\t\t\t\t\"snir-min\": \t\t\t\t\t{ \"type\": \"number\" }, ",
									"\t\t\t\t\t\t\t\"snir-max\": \t\t\t\t\t{ \"type\": \"number\" }, ",
									"\t\t\t\t\t\t\t\"snir-avg\": \t\t\t\t\t{ \"type\": \"number\" }, ",
									"\t\t\t\t\t\t\t\"xpd-min\": \t\t\t\t\t\t{ \"type\": \"number\" }, ",
									"\t\t\t\t\t\t\t\"xpd-max\": \t\t\t\t\t\t{ \"type\": \"number\" }, ",
									"\t\t\t\t\t\t\t\"xpd-avg\": \t\t\t\t\t\t{ \"type\": \"number\" }, ",
									"\t\t\t\t\t\t\t\"rf-temp-min\": \t\t\t\t\t{ \"type\": \"number\" }, ",
									"\t\t\t\t\t\t\t\"rf-temp-max\": \t\t\t\t\t{ \"type\": \"number\" }, ",
									"\t\t\t\t\t\t\t\"rf-temp-avg\": \t\t\t\t\t{ \"type\": \"number\" }, ",
									"\t\t\t\t\t\t\t\"defect-blocks-sum\": \t\t\t{ \"type\": \"number\" }, \t\t\t",
									"\t\t\t\t\t\t\t\"time-period\": \t\t\t\t\t{ \"type\": \"number\" }",
									"\t\t\t\t\t\t},",
									"\t\t\t\t\t\t\"required\": [ \"es\", ",
									"                            \t\t\t\"ses\",\t\t\t\t\t\t\t\t\t\t\t  ",
									"                            \t\t\t\"cses\",",
									"                            \t\t\t\"unavailability\",\t",
									"                            \t\t\t\"tx-level-min\",",
									"                            \t\t\t\"tx-level-max\",",
									"                            \t\t\t\"tx-level-avg\",",
									"                            \t\t\t\"rx-level-min\",",
									"                            \t\t\t\"rx-level-max\",",
									"                            \t\t\t\"rx-level-avg\",",
									"                            \t\t\t\"time-xstates-list\",",
									"                            \t\t\t\"snir-min\",",
									"                            \t\t\t\"snir-max\",",
									"                            \t\t\t\"snir-avg\",",
									"                            \t\t\t\"xpd-min\",",
									"                            \t\t\t\"xpd-max\",",
									"                            \t\t\t\"xpd-avg\",",
									"                            \t\t\t\"rf-temp-min\",",
									"                            \t\t\t\"rf-temp-max\",",
									"                            \t\t\t\"rf-temp-avg\",",
									"                            \t\t\t\"defect-blocks-sum\",",
									"                            \t\t\t\"time-period\"",
									"\t\t\t\t\t\t]\t\t\t\t\t",
									"\t\t\t\t\t},",
									"\t\t\t\t\t\"suspect-interval-flag\": \t\t\t{ \"type\": \"boolean\" },",
									"\t\t\t\t\t\"history-data-id\": \t\t\t\t\t{ \"type\": \"string\" },",
									"\t\t\t\t\t\"period-end-time\": \t\t\t\t\t{ \"type\": \"string\" },",
									"\t\t\t\t\t\"granularity-period\": { \"enum\": [",
									"\t\t\t\t\t\t\t\t\t\t\t\t\"air-interface-2-0:GRANULARITY_PERIOD_TYPE_UNKNOWN\",",
									"\t\t\t\t\t\t\t\t\t\t\t\t\"air-interface-2-0:GRANULARITY_PERIOD_TYPE_PERIOD-15-MIN\",",
									"\t\t\t\t\t\t\t\t\t\t\t\t\"air-interface-2-0:GRANULARITY_PERIOD_TYPE_PERIOD-24-HOURS\",",
									"\t\t\t\t\t\t\t\t\t\t\t\t\"air-interface-2-0:GRANULARITY_PERIOD_TYPE_NOT_YET_DEFINED\"",
									"\t\t\t\t\t\t\t\t\t\t\t]\t\t\t\t",
									"\t\t\t\t\t},",
									"\t\t\t\t\t\"object-class\": \t\t\t\t\t{ \"type\": \"string\" },",
									"\t\t\t\t\t\"name-binding\": \t\t\t\t\t{ \"type\": \"string\" },",
									"\t\t\t\t\t\"packages\": \t\t\t\t\t\t{ \"type\": \"string\" },",
									"\t\t\t\t\t\"allomorphs\": \t\t\t\t\t\t{ \"type\": \"string\" }",
									"\t\t\t\t},",
									"\t\t\t\t\"required\":\t[ \"performance-data\",",
									"    \t\t\t\t\t\t\t\"suspect-interval-flag\",",
									"    \t\t\t\t\t\t\t\"history-data-id\",",
									"    \t\t\t\t\t\t\t\"period-end-time\",",
									"    \t\t\t\t\t\t\t\"granularity-period\",",
									"\t\t\t\t]",
									"\t\t\t}",
									"\t\t}\t\t",
									"\t},",
									"\t\"required\":\t[ \"historical-performance-data-list\" ]",
									"};",
									"pm.variables.set(\"schema\", AIR_INTERFACE_HISTORICAL_PERFORMANCES_SCHEMA);",
									"",
									"",
									"/********************************************",
									"* Formulating the Request",
									"********************************************/",
									"// Execution of the Pre-Request Script defined in CapabilityCompleteness",
									"eval(pm.collectionVariables.get(\"settingTheRequestVariables\"))();"
								],
								"type": "text/javascript"
							}
						},
						{
							"listen": "test",
							"script": {
								"id": "ec562c48-5724-43dd-9827-6b93725cf290",
								"exec": [
									"/********************************************",
									"* Testing",
									"********************************************/",
									"// Execution of the Tests Script defined in CapabilityCompleteness",
									"eval(pm.collectionVariables.get(\"testsScriptForAllClasses\"))();"
								],
								"type": "text/javascript"
							}
						}
					],
					"request": {
						"auth": {
							"type": "basic",
							"basic": [
								{
									"key": "password",
									"value": "{{password}}",
									"type": "string"
								},
								{
									"key": "username",
									"value": "{{username}}",
									"type": "string"
								}
							]
						},
						"method": "GET",
						"header": [],
						"url": {
							"raw": "http://{{controllerAddress}}{{dB}}{{networkElement}}{{object}}",
							"protocol": "http",
							"host": [
								"{{controllerAddress}}{{dB}}{{networkElement}}{{object}}"
							]
						}
					},
					"response": []
				}
			],
			"event": [
				{
					"listen": "prerequest",
					"script": {
						"id": "6df5b19e-9ca9-43cb-b421-d73bdf845f4d",
						"type": "text/javascript",
						"exec": [
							""
						]
					}
				},
				{
					"listen": "test",
					"script": {
						"id": "6f88d695-6791-4eea-aa0c-9e4a1653f9a9",
						"type": "text/javascript",
						"exec": [
							""
						]
					}
				}
			],
			"protocolProfileBehavior": {}
		}
	],
	"event": [
		{
			"listen": "prerequest",
			"script": {
				"id": "bc84095b-9576-4659-a028-439eecd5af4f",
				"type": "text/javascript",
				"exec": [
					""
				]
			}
		},
		{
			"listen": "test",
			"script": {
				"id": "b23566e2-f64c-406d-9100-d01129e3bf6f",
				"type": "text/javascript",
				"exec": [
					""
				]
			}
		}
	],
	"protocolProfileBehavior": {}
}